date	spec	status	cs_composite	experiment	notes
2026-04-10	--	baseline	--	--	Repository initialized
2026-04-13\ts01\tbuilding\t--\t--\tDaily automated cycle
2026-04-14\ts01\tbuilding\t--\t--\tDaily automated cycle
2026-04-15\ts01\tbuilding\t--\t--\tDaily automated cycle
2026-04-16\ts01\tbuilding\t--\t--\tDaily automated cycle
2026-04-17\ts01\tbuilding\t--\t--\tDaily automated cycle
2026-04-20\ts01\tbuilding\t--\t--\tDaily automated cycle
2026-04-21\ts01\tbuilding\t--\t--\tDaily automated cycle
2026-04-22\ts01\tbuilding\t--\t--\tDaily automated cycle
2026-04-23\ts01\tbuilding\t--\t--\tDaily automated cycle
2026-04-24\ts01\tbuilding\t--\t--\tDaily automated cycle
